name,barangay,district,flood_type,river_or_creek,latitude,longitude
Quimpo Boulevard - CITI Hardware,Matina Crossing,Talomo,Street Flooding,,7.0511816318719,125.58245528755032
Habanera Street - Lanzona Subdivision,Matina Aplaya,Talomo,Street Flooding,,7.050137161016079,125.57489793984007
Orange Groove,Matina Pangi,Talomo,Street Flooding,7.081683600214591,125.56599988379638
Taal Street - Central Park,Talomo Proper,Talomo,Street Flooding,7.05823396491975,125.55277531215187
Purok 8A Sambagan,Talomo Proper,Talomo,Riverine Flooding,Talomo River,7.051753007901304,125.54968530008152
Purok 1A,Matina Pangi,Talomo,Riverine Flooding,Matina River,7.085355069904885,125.56048118343463
Purok 16,Lubogan,Toril,Riverine Flooding,Lipadas River,7.033616306840889,125.49415970915588
Sunrise Village - San Miguel,Panacan,Bunawan,Street Flooding,,7.152535082380843,125.65872888032075
Davao-Bukidnon rd., in front of BDO, Barangay Calinan Proper, Calinan District, Street Flooding, 7.187046590406095, 125.45858966445022
Calinan-Baguio-Cadalian Road, R. Magsaysay Street, Barangay Calinan Proper, Calinan District, Street Flooding, 7.186663386822199, 125.45825707052829
Davao-Bukidnon Rd. corner Aurora St., beside Caltex Gas Station, Barangay Calinan Proper, Calinan District, Street Flooding, 7.192347388471668, 125.45389106628964
De Lara St. Fausta, Barangay Calinan Proper, Calinan District, Street Flooding, 7.186608200343338, 125.46076443057649
Durian St., Barangay Calinan Proper, Calinan District, Street Flooding, 7.109719342725121, 125.4861803355983
R. Magsaysay St., Barangay Calinan Proper, Calinan District, Street Flooding, 7.19043700041502, 125.44703967794082
Candelaria St., Barangay Bucana, Talomo District, Street Flooding, 7.05426389141254, 125.60179442109248
Eco West Drive beside SM EColand, Barangay Bucana, Talomo District, Street Flooding, 7.0476616851918, 125.5881399888536
Ecoland Drive infront of Civil Service Office, Barangay Bucana, Talomo District, Street Flooding, 7.0467517891792495, 125.59325725332367
Sparrow St., Ecoland Subd., Barangay Bucana, Talomo District, Street Flooding, 7.052049091268744, 125.60160789327864
Infront of SIR Elem. School, Barangay Bucana, Talomo District, Street Flooding, 7.059949897628453, 125.60253520547496
Ecoland Drive infront of St. John Paul College, Barangay Bucana, Talomo District, Street Flooding, 7.053642520020518, 125.5986830147073
At the back of Blue Lotus Hotel, Daang Patnubay, Barangay Bucana, Talomo District, Street Flooding, 7.057752033057258, 125.60021701206522
Infront of Verdon Parc to the corner of Talisay Street, Barangay Bucana, Talomo District, Street Flooding, 7.056347010600295, 125.59510793026195
Corner Sampaguita and Talisay Street, purok 24-A, Talisay, Barangay Bucana, Talomo District, Street Flooding, 7.046425892405457, 125.59554376546663
Beside Buffet Palace, Tulip Drive, Barangay Matina Crossing, Talomo District, Street Flooding, 7.0604770412188405, 125.58802667336623
McArthur Highway along GSIS to Matina Crossing Public Market, Barangay Matina Crossing, Talomo District, Street Flooding, 7.057690497477512, 125.57134251294029
Along Nubia Street, Barangay Matina Crossing, Talomo District, Street Flooding, 54.588533110283606, -5.953097150908446
Infront of DILG, Barangay Matina Crossing, Talomo District, Street Flooding, 7.056859836378318, 125.57784758253186
Beside 7/11 Store, Barangay Matina Crossing, Talomo District, Street Flooding, 7.0583406012605625, 125.58015952885148
Habanera St., Lanzona Subdivision, Barangay Matina Aplaya, Talomo District, Street Flooding, 7.047503470606479, 125.57650139143333
Alpha Homes Phase 1&2, Barangay Matina Aplaya, Talomo District, Street Flooding, 7.049348978417292, 125.5715916779676
Subli Street, Lower Lanzona Subdivision, Barangay Matina Aplaya, Talomo District, Street Flooding, 7.049030096793084, 125.57509565280198
Matina Aplaya Road in front of Shanghai Public Market, Barangay Matina Aplaya, Talomo District, Street Flooding, 7.041503256215686, 125.57190234959846
Fronting Matina Aplaya Brgy. Hall, Barangay Matina Aplaya, Talomo District, Street Flooding, 7.044944478628649, 125.568324863313
Vietnam Village fronting Jolibee Puan, Barangay Talomo Proper, Talomo District, Street Flooding, 7.05131395328592, 125.54216401173
Bulusan, Barangay Talomo Proper, Talomo District, Street Flooding, 7.053246438501997, 125.55340933560406
Infront of Mabini ES, Barangay Talomo Proper, Talomo District, Street Flooding, 7.061405968796487, 125.55980851054449
Purok 4 Nalum, Barangay Baliok, Talomo District, Street Flooding, 7.05302712155747, 125.5067931699455
Purok 5 Susana, Barangay Baliok, Talomo District, Street Flooding, 7.04827270699356, 125.5020470272448
ARC Village, Barangay Bago Aplaya, Talomo District, Street Flooding, 7.036878684472139, 125.52697538163736
Near Flyover, Diversion Road, Barangay Maa, Talomo District, Street Flooding, 7.103251353064568, 125.58201279684539
In front of Spatial Davao along Ma-a Road, Barangay Maa, Talomo District, Street Flooding, 7.067788785625974, 125.59122506818368
Fronting Pepsi Company, MacArthur Highway, Barangay Dumoy, Talomo District, Street Flooding, 7.031595224473364, 125.51257999520551
Davao-Digos Road, from Dacoville Subdivision to the front of the Dumoy Barangay Hall, Barangay Dumoy, Talomo District, Street Flooding, 7.033653665437329, 125.51378371261328
San Pedro Ext. going Bankerohan, Barangay 6-A, Poblacion District, Street Flooding, 7.072364725515477, 125.60052792502545
In front of RMC Gym, Barangay 10-A, Poblacion District, Street Flooding, 7.07710118623909, 125.60227101394263
F. Torres Street corner Jacinto, Barangay 10-A, Poblacion District, Street Flooding, 7.07497342354761, 125.61169675381858
F. Torres Street corner Emilio Jacinto Extension, Barangay 11-B, Poblacion District, Street Flooding, 7.079575772373053, 125.60798307918458
JP Laurel Avenue corner V. Mapa Street, Barangay 12-B, Poblacion District, Street Flooding, 7.080268582152402, 125.612769353599
Generoso, Iñigo and Urduja St., Barangay 18-B, Poblacion District, Street Flooding, 7.0845176946267205, 125.61305166138249
Infront of DLPC, JP Laurel, Barangay 19-B, Poblacion District, Street Flooding, 7.093615718328858, 125.61198645777937
Veloso, Burgos, and Lacson St., Barangay 20-B, Poblacion District, Street Flooding, 7.0886229928762745, 125.6156338888693
In front of NCCC Victoria, Barangay 20-B, Poblacion District, Street Flooding, 7.087397907495052, 125.6121113239594
R. Magsaysay Avenue Corner F. Bangoy Street, Barangay 27-C, Poblacion District, Street Flooding, 7.074415325294762, 125.62300453561384
In front of DPWH XI, Ramon Magsaysay Avenue, Barangay 28-C, Poblacion District, Street Flooding, 7.073390453197847, 125.6172279681608
R. Magsaysay Avenue corner Suazo Street, Barangay 30-C, Poblacion District, Street Flooding, 7.074200919711453, 125.61862163559921
Roxas Ave. corner Quezon Blvd, Barangay 32-D, Poblacion District, Street Flooding, Adjacent Creek, 7.066814033683298, 125.61677189328482
C.M Recto Street Corner ADDU, Barangay 32-D, Poblacion District, Street Flooding, 7.072745725292196, 125.61210365452807
Del Pilar Ext. St., Purok Belisario, Barangay San Antonio, Agdao District, Street Flooding, 7.091931625970151, 125.63128431068544
Carpenter Street, Barangay Leon Garcia Sr., Agdao District, Street Flooding, 7.079558805481402, 125.62476757977632
Leon Garcia Street corner of Sta Ana Avenue, Barangay Leon Garcia Sr., Agdao District, Street Flooding, 7.077314833158622, 125.6249520513251
Leon Garcia Street corner Rosemary Street, Barangay Leon Garcia Sr., Agdao District, Street Flooding, 7.078938282294473, 125.62387443559803
Sacred Heart Parish, Obrero, Barangay Gov. Ponciano Bangoy, Agdao District, Street Flooding, 7.086134560980545, 125.618204760729
Zuno Street, Barangay Ubalde, Agdao District, Street Flooding, 7.095539147335631, 125.63572967092784
Purok San Juan, Brgy. Centro Agdao, Agdao District, Street Flooding, 7.090816459018058, 125.63689645281052
Purok San Miguel, Brgy. Centro Agdao, Agdao District, Street Flooding, 7.0852406554868494, 125.62648715279838
New San Isidro, NHA Buhangin, Barangay Buhangin Proper, Buhangin district, Street Flooding, 7.11474969388859, 125.62099976628534
Infront of SPMC, JP Laurel Avenue, Brgy. Buhangin Proper, Barangay Buhangin Proper, Buhangin district, Street Flooding, 7.0975628007815414, 125.62010120148304
Purok 15 (Infront of Buhangin Memorial),  Barangay Buhangin Proper, Buhangin district, Street Flooding, 7.116687595061496, 125.6148988784563
Near St. Mary of the Perpetual Rosary Parish along Buhangin Cabantian-Indangan Road,  Barangay Buhangin Proper, Buhangin district, Street Flooding, 7.1147123155893, 125.61347275059622
Lower La Verna, Barangay Cabantian, BUHANGIN DISTRICT, Street Flooding, 7.124507059975146, 125.63245992746188
Davao City Diversion Rd., along La Verna Hills Overpass, BUHANGIN DISTRICT, Street Flooding, 7.124331492176897, 125.63230258311263
Near Phase 4 Deca Homes, Brgy. Indangan, BUHANGIN DISTRICT, Street Flooding, 7.151870726587555, 125.6007627146998
Infront of Legaspi Oil, Davao-Panabo Road, Barangay Sasa, BUHANGIN DISTRICT, Street Flooding, 7.12072458188051, 125.65663211289561
Damosa, Lanang, Barangay Angliongto, BUHANGIN  DISTRICT, Street Flooding, 7.10362652644759, 125.63253875417965
In front of Magsaysay ES, Barangay Toril Proper, TORIL DISTRICT, Street Flooding, 6.998246, 125.492582
Magsaysay Street, Barangay Toril Proper, TORIL DISTRICT, Street Flooding, 6.998410, 125.492440
Don Juan Dela Cruz Street, Barangay Toril Proper, TORIL DISTRICT, Street Flooding, 6.998144, 125.493976
Toril Public Market, Barangay Toril Proper, TORIL DISTRICT, Street Flooding, 6.997230, 125.493106
Traffic Light Toril, Barangay Crossing Bayabas, TORIL DISTRICT, Street Flooding, 7.001642, 125.494791
Purok 6, Sayponl, Barangay Crossing Bayabas, TORIL DISTRICT, Street Flooding, 7.005110, 125.498800
Infront of Minute Burger, Crossing Bayabas Avenuel, Barangay Crossing Bayabas, TORIL DISTRICT, Street Flooding, 7.003444, 125.496922
McArthur Highway, TF Sirawan, Barangay Sirawan, TORIL DISTRICT, Street Flooding, 6.953110, 125.474620
Sirawan-Catigan Road, Barangay Catigan, TORIL DISTRICT, Street Flooding, 6.963442, 125.462110
Purok1-B Graceland, Barangay Los Amigos, TUGBOK DISTRICT, Street Flooding, 7.144810, 125.478950
Purok4-B, Barangay Los Amigos,TUGBOK DISTRICT, Street Flooding, 7.141500, 125.481200
Purok6-D, Barangay Los Amigos, TUGBOK DISTRICT, Street Flooding, 7.139800, 125.476400
Purok7, Barangay Los Amigos, TUGBOK DISTRICT, Street Flooding, 7.142120, 125.479540
Purok9, Barangay Los Amigos, TUGBOK DISTRICT, Street Flooding, 7.146200, 125.472100
Santander Highway, Barangay Los Amigos, TUGBOK DISTRICT, Street Flooding, 7.143710, 125.483120
Deca Tacunan, Barangay Tacunan, TUGBOK DISTRICT, Street Flooding, 7.118940, 125.518660
Purok 9B, Barangay Tacunan, TUGBOK DISTRICT, Street Flooding, 7.121500, 125.521100
Purok 15, Golden Shower Street, Brgy. Mintal, TUGBOK DISTRICT, Street Flooding, 7.098420, 125.534220
Near Tugbok Central Elementary School, along Davao-Bukidnon Road, Brgy. Tugbok Proper, TUGBOK DISTRICT, Street Flooding, 7.108924, 125.485186
Sunrise Village, San Miguel, Barangay Panacan, BUNAWAN DISTRICT, Street Flooding, 7.1523875, 125.6587656
Davao City Diversion Road near Panacan Depot, Barangay Panacan, BUNAWAN DISTRICT, Street Flooding, 7.1496865, 125.6573282
Outside Panacan Cemetery, Panacan Relocation, Barangay Panacan, BUNAWAN DISTRICT, Street Flooding, 7.1471196, 125.6579398
Infront of Vitarich and DBCOM, Barangay Panacan, BUNAWAN DISTRICT, Street Flooding, 7.1606039, 125.6572893
Malagamot Road, Brgy. Panacan, Barangay Panacan, BUNAWAN DISTRICT, Street Flooding, 7.1572756, 125.6569413
Sagrada Malagamot Rd, Barangay Panacan, BUNAWAN DISTRICT, Street Flooding, 7.1578265, 125.6516215
Infront of Barangay Hall, Barangay Tibungco, BUNAWAN DISTRICT, Street Flooding, 7.1901247, 125.6487988
Km.18, Crossing Eliong Rd. corner Daang-Maharlika Highway, Barangay Tibungco, BUNAWAN DISTRICT, Street Flooding, 7.1938761, 125.6478744
Daang Maharlika Highway corner Mudiang Rd., Barangay Ilang, BUNAWAN DISTRICT, Street Flooding, 7.1787007, 125.6528506
Fronting Holcim, Daang Maharlika Highway, Barangay Ilang, BUNAWAN DISTRICT, Street Flooding, 7.1746902, 125.6542346